amazon-order-id,merchant-order-id,purchase-date,last-updated-date,order-status,fulfillment-channel,sales-channel,order-channel,url,ship-service-level,product-name,sku,asin,item-status,quantity,currency,item-price,item-tax,shipping-price,shipping-tax,gift-wrap-price,gift-wrap-tax,item-promotion-discount,ship-promotion-discount,ship-city,ship-state,ship-postal-code,ship-country,promotion-ids,is-business-order,purchase-order-number,price-designation,signature-confirmation-recommended
S01-5476230-5899912,rL8pNhp7kb,2023-04-29T16:11:22+00:00,2023-05-01T05:41:25+00:00,Shipped,Amazon,Non-Amazon,,,Standard,-,1055675514,B07H85ZDLG,Unshipped,1,,,,,,,,,,BRIDGEWATER,NJ,08807-5734,US,,FALSE,,,FALSE
S01-1153478-5495550,MGDawUaKfj,2023-04-28T16:29:33+00:00,2023-04-28T16:55:29+00:00,Cancelled,Amazon,Non-Amazon,,,Standard,-,1055675492,B07D9WSWFR,Unshipped,1,,,,,,,,,,BRIDGEWATER,NJ,08807-5734,US,,FALSE,,,FALSE
S01-4008022-4011261,JN2zHrh6b3,2023-04-27T16:58:33+00:00,2023-04-28T10:42:54+00:00,Shipped,Amazon,Non-Amazon,,,Standard,-,1T-BXBW-AM4D,B0BHDJTZ2N,Unshipped,1,,,,,,,,,,BRIDGEWATER,NJ,08807-5734,US,,FALSE,,,FALSE
S01-7275494-2973835,ajB8s6ibOU,2023-04-24T16:33:03+00:00,2023-05-08T15:49:04+00:00,Shipped,Amazon,Non-Amazon,,,Standard,-,1055675492,B07D9WSWFR,Unshipped,4,,,,,,,,,,BRIDGEWATER,NJ,08807-5734,US,,FALSE,,,FALSE
S01-5633276-6352831,aarmIF6Ghv,2023-04-20T17:01:05+00:00,2023-04-20T17:27:30+00:00,Cancelled,Amazon,Non-Amazon,,,Standard,-,1055675492,B07D9WSWFR,Unshipped,1,,,,,,,,,,BRIDGEWATER,NJ,08807-5734,US,,FALSE,,,FALSE
S01-0178250-3011740,NSkRI/CmYz,2023-04-16T16:07:54+00:00,2023-04-19T07:48:45+00:00,Shipped,Amazon,Non-Amazon,,,Standard,-,1055675492,B07D9WSWFR,Unshipped,12,,,,,,,,,,BRIDGEWATER,NJ,08807-5734,US,,FALSE,,,FALSE
S01-3074795-5136306,M+tTGbz8sF,2023-04-12T17:56:52+00:00,2023-04-14T01:32:22+00:00,Shipped,Amazon,Non-Amazon,,,Standard,-,1055675492,B07D9WSWFR,Unshipped,2,,,,,,,,,,BRIDGEWATER,NJ,08807-5734,US,,FALSE,,,FALSE
S01-9602971-0136558,U/ehjJK3KX,2023-04-08T17:51:09+00:00,2023-04-23T21:21:43+00:00,Shipped,Amazon,Non-Amazon,,,Standard,-,1055675492,B07D9WSWFR,Unshipped,21,,,,,,,,,,BRIDGEWATER,NJ,08807-5734,US,,FALSE,,,FALSE
S01-2464901-5058547,deeRzx7p0f,2023-04-05T23:27:37+00:00,2023-04-20T17:26:08+00:00,Shipped,Amazon,Non-Amazon,,,Standard,-,1055557288,B09LRPT658,Unshipped,1,,,,,,,,,,Bridgewater,NJ,8807,US,,FALSE,,,FALSE
112-1484118-4189853,,2023-05-01T06:17:04+00:00,2023-05-01T20:17:29+00:00,Shipped,Merchant,Amazon.com,WebsiteOrderChannel,,Standard,"CeraVe Acne Foaming Cream Cleanser | Acne Treatment Face Wash with 4% Benzoyl Peroxide, Hyaluronic Acid, and Niacinamide | Cream to Foam Formula | Fragrance Free & Non Comedogenic | 5 Oz",4R-1J6E-QJ0N,B07YLJPMC3,Shipped,1,USD,25.99,2.18,,,,,,,LAS VEGAS,NV,89110-3870,US,,FALSE,,,FALSE
114-3176491-4195455,,2023-05-01T05:59:39+00:00,2023-05-01T20:26:49+00:00,Shipped,Merchant,Amazon.com,WebsiteOrderChannel,,Standard,"CeraVe Acne Foaming Cream Cleanser | Acne Treatment Face Wash with 4% Benzoyl Peroxide, Hyaluronic Acid, and Niacinamide | Cream to Foam Formula | Fragrance Free & Non Comedogenic | 5 Oz",4R-1J6E-QJ0N,B07YLJPMC3,Shipped,1,USD,25.99,,,,,,,,CORVALLIS,OR,97333-4912,US,,FALSE,,,FALSE
112-2992564-9580252,,2023-05-01T05:16:10+00:00,2023-05-02T00:26:03+00:00,Shipped,Merchant,Amazon.com,WebsiteOrderChannel,,Standard,"CeraVe Acne Foaming Cream Cleanser | Acne Treatment Face Wash with 4% Benzoyl Peroxide, Hyaluronic Acid, and Niacinamide | Cream to Foam Formula | Fragrance Free & Non Comedogenic | 5 Oz",4R-1J6E-QJ0N,B07YLJPMC3,Shipped,1,USD,25.99,1.56,,,,,,,DETROIT,MI,48227-2750,US,,FALSE,,,FALSE
114-5723798-3149810,,2023-05-01T05:06:10+00:00,2023-05-01T20:15:34+00:00,Shipped,Merchant,Amazon.com,WebsiteOrderChannel,,Standard,"CeraVe Acne Foaming Cream Cleanser | Acne Treatment Face Wash with 4% Benzoyl Peroxide, Hyaluronic Acid, and Niacinamide | Cream to Foam Formula | Fragrance Free & Non Comedogenic | 5 Oz",4R-1J6E-QJ0N,B07YLJPMC3,Shipped,1,USD,25.99,2.37,,,,,,,PALO ALTO,CA,94301-2432,US,,FALSE,,,FALSE
111-6044783-9826637,,2023-05-01T04:52:28+00:00,2023-05-01T20:15:42+00:00,Shipped,Merchant,Amazon.com,WebsiteOrderChannel,,Standard,"CeraVe Acne Foaming Cream Cleanser | Acne Treatment Face Wash with 4% Benzoyl Peroxide, Hyaluronic Acid, and Niacinamide | Cream to Foam Formula | Fragrance Free & Non Comedogenic | 5 Oz",4R-1J6E-QJ0N,B07YLJPMC3,Shipped,1,USD,25.99,2.37,,,,,,,PALO ALTO,CA,94303-3954,US,,FALSE,,,FALSE
111-3249982-5422656,,2023-05-01T04:37:12+00:00,2023-05-01T20:15:35+00:00,Shipped,Merchant,Amazon.com,WebsiteOrderChannel,,Standard,"CeraVe Acne Foaming Cream Cleanser | Acne Treatment Face Wash with 4% Benzoyl Peroxide, Hyaluronic Acid, and Niacinamide | Cream to Foam Formula | Fragrance Free & Non Comedogenic | 5 Oz",4R-1J6E-QJ0N,B07YLJPMC3,Shipped,1,USD,25.99,1.82,,,,,,,DES MOINES,IA,50310-6206,US,,FALSE,,,FALSE
112-6880091-8064254,,2023-05-01T03:44:21+00:00,2023-05-01T20:17:25+00:00,Shipped,Merchant,Amazon.com,WebsiteOrderChannel,,Expedited,"CeraVe Acne Foaming Cream Cleanser | Acne Treatment Face Wash with 4% Benzoyl Peroxide, Hyaluronic Acid, and Niacinamide | Cream to Foam Formula | Fragrance Free & Non Comedogenic | 5 Oz",4R-1J6E-QJ0N,B07YLJPMC3,Shipped,1,USD,25.99,2.66,13.31,1.36,,,,,SEATTLE,WA,98115-6015,US,,FALSE,,,FALSE
114-7130786-3118645,,2023-05-01T03:25:50+00:00,2023-05-01T20:15:36+00:00,Shipped,Merchant,Amazon.com,WebsiteOrderChannel,,Standard,"CeraVe Acne Foaming Cream Cleanser | Acne Treatment Face Wash with 4% Benzoyl Peroxide, Hyaluronic Acid, and Niacinamide | Cream to Foam Formula | Fragrance Free & Non Comedogenic | 5 Oz",4R-1J6E-QJ0N,B07YLJPMC3,Shipped,1,USD,25.99,2.08,,,,,,,Baldwin,Ga,30511,US,,FALSE,,,FALSE
113-4899980-3649028,,2023-05-01T03:11:34+00:00,2023-05-01T20:15:34+00:00,Shipped,Merchant,Amazon.com,WebsiteOrderChannel,,Standard,"CeraVe Acne Foaming Cream Cleanser | Acne Treatment Face Wash with 4% Benzoyl Peroxide, Hyaluronic Acid, and Niacinamide | Cream to Foam Formula | Fragrance Free & Non Comedogenic | 5 Oz",4R-1J6E-QJ0N,B07YLJPMC3,Shipped,1,USD,25.99,1.81,,,,,,,Lees Summit,MO,64086,US,,FALSE,,,FALSE
111-1857440-9640259,,2023-05-01T03:06:44+00:00,2023-05-01T20:38:19+00:00,Shipped,Merchant,Amazon.com,WebsiteOrderChannel,,Standard,"CeraVe Acne Foaming Cream Cleanser | Acne Treatment Face Wash with 4% Benzoyl Peroxide, Hyaluronic Acid, and Niacinamide | Cream to Foam Formula | Fragrance Free & Non Comedogenic | 5 Oz",4R-1J6E-QJ0N,B07YLJPMC3,Shipped,2,USD,51.98,,,,,,,,RED OAK,TX,75154-4644,US,,FALSE,,,FALSE
113-9114384-7117817,,2023-05-01T02:50:23+00:00,2023-05-01T20:43:12+00:00,Shipped,Merchant,Amazon.com,WebsiteOrderChannel,,Standard,"CeraVe Acne Foaming Cream Cleanser | Acne Treatment Face Wash with 4% Benzoyl Peroxide, Hyaluronic Acid, and Niacinamide | Cream to Foam Formula | Fragrance Free & Non Comedogenic | 5 Oz",4R-1J6E-QJ0N,B07YLJPMC3,Shipped,1,USD,25.99,2.24,,,,,,,PHOENIX,AZ,85009-3156,US,,FALSE,,,FALSE
111-3296544-4196248,,2023-05-01T02:47:23+00:00,2023-05-01T20:15:41+00:00,Shipped,Merchant,Amazon.com,WebsiteOrderChannel,,Standard,"CeraVe Acne Foaming Cream Cleanser | Acne Treatment Face Wash with 4% Benzoyl Peroxide, Hyaluronic Acid, and Niacinamide | Cream to Foam Formula | Fragrance Free & Non Comedogenic | 5 Oz",4R-1J6E-QJ0N,B07YLJPMC3,Shipped,1,USD,25.99,1.64,,,,,,,TOLLESON,AZ,85353-9306,US,,FALSE,,,FALSE
111-4897860-4280263,,2023-05-01T01:36:19+00:00,2023-05-01T20:15:36+00:00,Shipped,Merchant,Amazon.com,WebsiteOrderChannel,,Standard,"CeraVe Acne Foaming Cream Cleanser | Acne Treatment Face Wash with 4% Benzoyl Peroxide, Hyaluronic Acid, and Niacinamide | Cream to Foam Formula | Fragrance Free & Non Comedogenic | 5 Oz",4R-1J6E-QJ0N,B07YLJPMC3,Shipped,1,USD,25.99,,,,,,,,AUSTIN,TX,78759-8339,US,,FALSE,,,FALSE
114-2533939-3588242,,2023-04-30T23:04:14+00:00,2023-05-01T20:15:36+00:00,Shipped,Merchant,Amazon.com,WebsiteOrderChannel,,Standard,"CeraVe Acne Foaming Cream Cleanser | Acne Treatment Face Wash with 4% Benzoyl Peroxide, Hyaluronic Acid, and Niacinamide | Cream to Foam Formula | Fragrance Free & Non Comedogenic | 5 Oz",4R-1J6E-QJ0N,B07YLJPMC3,Shipped,1,USD,25.99,,,,,,,,AUSTIN,TX,78734,US,,FALSE,,,FALSE
114-1368340-5407416,114-1368340-5407416,2023-04-30T23:02:41+00:00,2023-05-01T10:32:25+00:00,Shipped,Amazon,Amazon.com,,,Standard,"Stanley Quencher H2.0 FlowState Stainless Steel Vacuum Insulated Tumbler with Lid and Straw for Water, Iced Tea or Coffee, Smoothie and More",1056060160,B0BQZ9K23L,Shipped,1,USD,50,3.88,,,,,,,HUNTINGTON BEACH,CA,92649-6422,US,,FALSE,,,FALSE
111-2720413-0533862,111-2720413-0533862,2023-04-30T21:26:07+00:00,2023-05-01T12:02:34+00:00,Shipped,Amazon,Amazon.com,,,Expedited,Stanley Quencher H2.0 FlowState Tumbler 40oz (Black),LA-29JB-4VOK,B0BD7BY47S,Shipped,1,USD,63.81,3.99,,,,,,,STONEHAM,MA,02180-0030,US,,FALSE,,,FALSE
111-1672378-1581039,111-1672378-1581039,2023-04-30T00:32:10+00:00,2023-04-30T20:10:18+00:00,Shipped,Amazon,Amazon.com,,,Expedited,"Community Coffee New Orleans Blend 24 Count Coffee Pods, Special Dark Roast, Compatible with Keurig 2.0 K-Cup Brewers, Box of 24 Pods",11.73-Amazon-1.20.23,B07D4S7GV4,Shipped,1,USD,17.99,,,,,,,,LA MOTTE,IA,52054-9451,US,,FALSE,,,FALSE
114-0518503-9557821,114-0518503-9557821,2023-04-27T23:57:24+00:00,2023-04-28T07:46:09+00:00,Shipped,Amazon,Amazon.com,,,Expedited,"Community Coffee New Orleans Blend 24 Count Coffee Pods, Special Dark Roast, Compatible with Keurig 2.0 K-Cup Brewers, Box of 24 Pods",11.73-Amazon-1.20.23,B07D4S7GV4,Shipped,1,USD,17.99,,,,,,,,WINTER GARDEN,FL,34787-4918,US,,FALSE,,,FALSE
114-8785858-3009810,114-8785858-3009810,2023-04-20T00:25:42+00:00,2023-04-22T16:46:36+00:00,Cancelled,Amazon,Amazon.com,,,NextDay,"Vital Proteins Collagen Peptides Powder, Promotes Hair, Nail, Skin, Bone and Joint Health, Lemon 11 Ounce",1055675480,B0B3Q1HNQ5,Cancelled,0,,,,,,,,,,SAN JOSE,CA,95128-4731,US,,FALSE,,,FALSE
112-8292684-6095459,112-8292684-6095459,2023-04-19T05:41:04+00:00,2023-04-28T04:57:58+00:00,Shipped,Amazon,Amazon.com,,,Standard,"Stanley Quencher H2.0 FlowState Stainless Steel Vacuum Insulated Tumbler with Lid and Straw for Water, Iced Tea or Coffee, Smoothie and More",K5-OFOA-21PF,B0BQZBPY2L,Shipped,1,USD,65,5.44,3.16,0.26,,,,,Las Vegas,Nv,89148,US,,FALSE,,,FALSE
112-0929593-3453020,112-0929593-3453020,2023-04-19T01:06:52+00:00,2023-04-23T16:27:32+00:00,Shipped,Amazon,Amazon.com,,,SecondDay,"Stanley Quencher H2.0 FlowState Stainless Steel Vacuum Insulated Tumbler with Lid and Straw for Water, Iced Tea or Coffee, Smoothie and More",K5-OFOA-21PF,B0BQZBPY2L,Shipped,1,USD,65,3.9,,,,,,,NORTHAMPTON,PA,18067-1882,US,,FALSE,,,FALSE
111-9582772-8769064,111-9582772-8769064,2023-04-18T23:08:04+00:00,2023-04-20T19:37:30+00:00,Shipped,Amazon,Amazon.com,,,SecondDay,"Stanley Quencher H2.0 FlowState Stainless Steel Vacuum Insulated Tumbler with Lid and Straw for Water, Iced Tea or Coffee, Smoothie and More",K5-OFOA-21PF,B0BQZBPY2L,Shipped,1,USD,65,3.9,,,,,,,IDAHO FALLS,ID,83402-5695,US,,FALSE,,,FALSE
114-4049252-9724241,114-4049252-9724241,2023-04-18T21:59:16+00:00,2023-04-18T22:26:14+00:00,Cancelled,Amazon,Amazon.com,,,SecondDay,"Stanley Quencher H2.0 FlowState Stainless Steel Vacuum Insulated Tumbler with Lid and Straw for Water, Iced Tea or Coffee, Smoothie and More",K5-OFOA-21PF,B0BQZBPY2L,Cancelled,0,,,,,,,,,,CHINO HILLS,CA,91709-3215,US,,FALSE,,,FALSE
114-4306487-2658647,114-4306487-2658647,2023-04-18T21:07:33+00:00,2023-04-24T05:20:28+00:00,Shipped,Amazon,Amazon.com,,,SecondDay,"Stanley Quencher H2.0 FlowState Stainless Steel Vacuum Insulated Tumbler with Lid and Straw for Water, Iced Tea or Coffee, Smoothie and More",K5-OFOA-21PF,B0BQZBPY2L,Shipped,1,USD,65,5.28,,,,,,,POUGHKEEPSIE,NY,12601-1350,US,,FALSE,,,FALSE
114-7791230-9241862,114-7791230-9241862,2023-04-18T18:07:16+00:00,2023-05-30T21:44:54+00:00,Cancelled,Amazon,Amazon.com,,,SecondDay,"Vital Proteins Collagen Peptides Powder, Promotes Hair, Nail, Skin, Bone and Joint Health, Lemon 11 Ounce",1055675480,B0B3Q1HNQ5,Cancelled,0,,,,,,,,,,AMSTERDAM,NY,12010-6378,US,,FALSE,,,FALSE
111-3542648-6686614,111-3542648-6686614,2023-04-18T06:14:06+00:00,2023-04-24T14:36:25+00:00,Shipped,Amazon,Amazon.com,,,Expedited,"Stanley Quencher H2.0 FlowState Stainless Steel Vacuum Insulated Tumbler with Lid and Straw for Water, Iced Tea or Coffee, Smoothie and More",K5-OFOA-21PF,B0BQZBPY2L,Shipped,1,USD,65,,9.6,,,,,,Sharjah,,,AE,,FALSE,,,FALSE
114-0982604-9885830,114-0982604-9885830,2023-04-17T14:41:29+00:00,2023-05-02T15:27:24+00:00,Shipped,Amazon,Amazon.com,,,Expedited,"Stanley Quencher H2.0 FlowState Stainless Steel Vacuum Insulated Tumbler with Lid and Straw for Water, Iced Tea or Coffee, Smoothie and More",K5-OFOA-21PF,B0BQZBPY2L,Shipped,1,USD,65,4.55,,,,,,,Cullowhee,NC,28723,US,,FALSE,,,FALSE
111-8372329-0894635,111-8372329-0894635,2023-04-17T00:06:06+00:00,2023-04-20T00:54:15+00:00,Shipped,Amazon,Amazon.com,,,Standard,"Stanley Quencher H2.0 FlowState Stainless Steel Vacuum Insulated Tumbler with Lid and Straw for Water, Iced Tea or Coffee, Smoothie and More",K5-OFOA-21PF,B0BQZBPY2L,Shipped,1,USD,65,5.36,5.15,0.42,,,,,BAKERSFIELD,CA,93311-4643,US,,FALSE,,,FALSE
111-1590735-3560210,111-1590735-3560210,2023-04-16T17:32:28+00:00,2023-04-21T21:18:11+00:00,Shipped,Amazon,Amazon.com,,,SecondDay,"Vital Proteins Collagen Peptides Powder, Promotes Hair, Nail, Skin, Bone and Joint Health, Lemon 11 Ounce",1055675480,B0B3Q1HNQ5,Shipped,1,USD,21.59,,,,,,,,WASHINGTON,DC,20004-2153,US,,FALSE,,,FALSE
112-2136334-0173022,112-2136334-0173022,2023-04-16T17:30:29+00:00,2023-04-22T22:34:12+00:00,Shipped,Amazon,Amazon.com,,,SecondDay,"Vital Proteins Collagen Peptides Powder, Promotes Hair, Nail, Skin, Bone and Joint Health, Lemon 11 Ounce",1055675480,B0B3Q1HNQ5,Shipped,1,USD,21.59,1.46,,,,,,,XENIA,OHIO,45385-9323,US,,FALSE,,,FALSE
113-1425102-1077049,113-1425102-1077049,2023-04-16T17:30:03+00:00,2023-04-22T10:06:56+00:00,Shipped,Amazon,Amazon.com,,,Standard,"Vital Proteins Collagen Peptides Powder, Promotes Hair, Nail, Skin, Bone and Joint Health, Lemon 11 Ounce",1055675480,B0B3Q1HNQ5,Shipped,2,USD,43.18,,6.37,,,,,6.37,LIVONIA,MI,48152-2371,US,US Core Free Shipping Promotion A3JU1FCINF5SD0,FALSE,,,FALSE
113-4546511-7650651,113-4546511-7650651,2023-04-16T17:26:18+00:00,2023-04-27T18:07:46+00:00,Cancelled,Amazon,Amazon.com,,,SecondDay,"Vital Proteins Collagen Peptides Powder, Promotes Hair, Nail, Skin, Bone and Joint Health, Lemon 11 Ounce",1055675480,B0B3Q1HNQ5,Cancelled,0,,,,,,,,,,West Plains,MO,65775,US,,FALSE,,,FALSE
113-6754045-9401064,113-6754045-9401064,2023-04-16T17:25:20+00:00,2023-04-16T21:56:46+00:00,Shipped,Amazon,Amazon.com,,,Expedited,"Vital Proteins Collagen Peptides Powder, Promotes Hair, Nail, Skin, Bone and Joint Health, Lemon 11 Ounce",1055675480,B0B3Q1HNQ5,Shipped,1,USD,21.59,,0.75,,,,,0.75,ELLICOTT CITY,MD,21043-6064,US,,FALSE,,,FALSE
114-3835708-6205807,114-3835708-6205807,2023-04-16T17:16:44+00:00,2023-04-19T22:49:51+00:00,Shipped,Amazon,Amazon.com,,,SecondDay,"Vital Proteins Collagen Peptides Powder, Promotes Hair, Nail, Skin, Bone and Joint Health, Lemon 11 Ounce",1055675480,B0B3Q1HNQ5,Shipped,1,USD,21.59,,,,,,,,GAINESVILLE,FL,32609-3198,US,,FALSE,,,FALSE
112-4814651-2479419,112-4814651-2479419,2023-04-16T17:15:03+00:00,2023-04-26T08:34:51+00:00,Shipped,Amazon,Amazon.com,,,SecondDay,"Vital Proteins Collagen Peptides Powder, Promotes Hair, Nail, Skin, Bone and Joint Health, Lemon 11 Ounce",1055675480,B0B3Q1HNQ5,Shipped,1,USD,21.59,1.3,,,,,,,Boise,ID,83709-6093,US,,FALSE,,,FALSE
113-1836262-4889066,113-1836262-4889066,2023-04-16T17:10:06+00:00,2023-04-25T18:37:39+00:00,Shipped,Amazon,Amazon.com,,,SecondDay,"Vital Proteins Collagen Peptides Powder, Promotes Hair, Nail, Skin, Bone and Joint Health, Lemon 11 Ounce",1055675480,B0B3Q1HNQ5,Shipped,1,USD,21.59,1.06,,,,,,,DURANGO,CO,81301-5902,US,,FALSE,,,FALSE
113-3436178-0441003,113-3436178-0441003,2023-04-16T16:58:05+00:00,2023-04-21T13:54:17+00:00,Shipped,Amazon,Amazon.com,,,Standard,"Vital Proteins Collagen Peptides Powder, Promotes Hair, Nail, Skin, Bone and Joint Health, Lemon 11 Ounce",1055675480,B0B3Q1HNQ5,Shipped,1,USD,21.59,2.16,2.38,,,,,2.38,Inglewood,California,90301,US,US Core Free Shipping Promotion A3JU1FCINF5SD0,FALSE,,,FALSE
114-0441564-6867422,114-0441564-6867422,2023-04-16T16:51:37+00:00,2023-05-11T01:43:32+00:00,Shipped,Amazon,Amazon.com,,,SecondDay,"Vital Proteins Collagen Peptides Powder, Promotes Hair, Nail, Skin, Bone and Joint Health, Lemon 11 Ounce",1055675480,B0B3Q1HNQ5,Shipped,1,USD,21.59,,,,,,,,PEARLAND,TX,77584-8227,US,,FALSE,,,FALSE
114-0441564-6867422,114-0441564-6867422,2023-04-16T16:51:37+00:00,2023-05-11T01:43:32+00:00,Shipped,Amazon,Amazon.com,,,SecondDay,"Vital Proteins Collagen Peptides Powder, Promotes Hair, Nail, Skin, Bone and Joint Health, Lemon 11 Ounce",1055675480,B0B3Q1HNQ5,Shipped,1,USD,21.59,,,,,,,,PEARLAND,TX,77584-8227,US,,FALSE,,,FALSE
114-0441564-6867422,114-0441564-6867422,2023-04-16T16:51:37+00:00,2023-05-11T01:43:32+00:00,Shipped,Amazon,Amazon.com,,,SecondDay,"Vital Proteins Collagen Peptides Powder, Promotes Hair, Nail, Skin, Bone and Joint Health, Lemon 11 Ounce",1055675480,B0B3Q1HNQ5,Shipped,2,USD,43.18,,,,,,,,PEARLAND,TX,77584-8227,US,,FALSE,,,FALSE
111-7114098-4871409,111-7114098-4871409,2023-04-16T16:41:36+00:00,2023-04-20T23:26:20+00:00,Shipped,Amazon,Amazon.com,,,SecondDay,"Vital Proteins Collagen Peptides Powder, Promotes Hair, Nail, Skin, Bone and Joint Health, Lemon 11 Ounce",1055675480,B0B3Q1HNQ5,Shipped,1,USD,21.59,0.16,,,,,,,BARTLETT,IL,60103-2986,US,,FALSE,,,FALSE
114-8498528-8417835,114-8498528-8417835,2023-04-16T16:39:51+00:00,2023-05-05T10:05:13+00:00,Shipped,Amazon,Amazon.com,,,Standard,"Vital Proteins Collagen Peptides Powder, Promotes Hair, Nail, Skin, Bone and Joint Health, Lemon 11 Ounce",1055675480,B0B3Q1HNQ5,Shipped,1,USD,21.59,1.19,7.03,,,,,7.03,Madison,WI,53711-1215,US,US Core Free Shipping Promotion A3JU1FCINF5SD0,FALSE,,,FALSE
114-8796642-7100211,114-8796642-7100211,2023-04-16T16:39:12+00:00,2023-04-19T11:23:06+00:00,Shipped,Amazon,Amazon.com,,,SecondDay,"Vital Proteins Collagen Peptides Powder, Promotes Hair, Nail, Skin, Bone and Joint Health, Lemon 11 Ounce",1055675480,B0B3Q1HNQ5,Shipped,1,USD,21.59,2,,,,,,,CORDOVA,TN,38018-7466,US,,FALSE,,,FALSE
114-1641913-9585825,114-1641913-9585825,2023-04-16T16:32:25+00:00,2023-04-22T14:55:16+00:00,Shipped,Amazon,Amazon.com,,,SecondDay,"Vital Proteins Collagen Peptides Powder, Promotes Hair, Nail, Skin, Bone and Joint Health, Lemon 11 Ounce",1055675480,B0B3Q1HNQ5,Shipped,1,USD,21.59,1.19,,,,,,,GREEN BAY,WI,54313-5932,US,,FALSE,,,FALSE
111-9637960-9746664,111-9637960-9746664,2023-04-16T16:30:55+00:00,2023-04-21T23:29:57+00:00,Shipped,Amazon,Amazon.com,,,SecondDay,"Vital Proteins Collagen Peptides Powder, Promotes Hair, Nail, Skin, Bone and Joint Health, Lemon 11 Ounce",1055675480,B0B3Q1HNQ5,Shipped,1,USD,21.59,,,,,,,,FORNEY,TX,75126-7447,US,,FALSE,,,FALSE
112-0364387-4717858,112-0364387-4717858,2023-04-16T16:30:53+00:00,2023-04-19T18:15:13+00:00,Shipped,Amazon,Amazon.com,,,SecondDay,"Vital Proteins Collagen Peptides Powder, Promotes Hair, Nail, Skin, Bone and Joint Health, Lemon 11 Ounce",1055675480,B0B3Q1HNQ5,Shipped,1,USD,21.59,,,,,,,,WINOOSKI,VT,05404-1588,US,,FALSE,,,FALSE
112-3349912-9888233,112-3349912-9888233,2023-04-16T16:25:07+00:00,2023-04-19T18:29:48+00:00,Shipped,Amazon,Amazon.com,,,SecondDay,"Vital Proteins Collagen Peptides Powder, Promotes Hair, Nail, Skin, Bone and Joint Health, Lemon 11 Ounce",1055675480,B0B3Q1HNQ5,Shipped,1,USD,21.59,,,,,,,,Miami,FL,33196-1616,US,,FALSE,,,FALSE
111-0603962-0080220,111-0603962-0080220,2023-04-16T16:22:02+00:00,2023-04-17T00:00:55+00:00,Shipped,Amazon,Amazon.com,,,Expedited,"Vital Proteins Collagen Peptides Powder, Promotes Hair, Nail, Skin, Bone and Joint Health, Lemon 11 Ounce",1055675480,B0B3Q1HNQ5,Shipped,1,USD,21.59,1.62,1.5,,,,,1.5,POWELL,OH,43065-9026,US,,FALSE,,,FALSE
113-3757679-6323447,113-3757679-6323447,2023-04-16T16:18:18+00:00,2023-04-30T13:34:14+00:00,Cancelled,Amazon,Amazon.com,,,SecondDay,"Vital Proteins Collagen Peptides Powder, Promotes Hair, Nail, Skin, Bone and Joint Health, Lemon 11 Ounce",1055675480,B0B3Q1HNQ5,Cancelled,0,,,,,,,,,,SEALY,TX,77474-3006,US,,FALSE,,,FALSE
112-7544455-8414623,112-7544455-8414623,2023-04-16T16:14:22+00:00,2023-04-23T05:17:19+00:00,Shipped,Amazon,Amazon.com,,,Standard,"Vital Proteins Collagen Peptides Powder, Promotes Hair, Nail, Skin, Bone and Joint Health, Lemon 11 Ounce",1055675480,B0B3Q1HNQ5,Shipped,1,USD,21.59,1.19,,,,,,,WISCONSIN RAPIDS,WI,54494-5858,US,,FALSE,,,FALSE
114-2807618-4254630,114-2807618-4254630,2023-04-16T16:06:49+00:00,2023-04-27T01:27:59+00:00,Shipped,Amazon,Amazon.com,,,SecondDay,"Vital Proteins Collagen Peptides Powder, Promotes Hair, Nail, Skin, Bone and Joint Health, Lemon 11 Ounce",1055675480,B0B3Q1HNQ5,Shipped,1,USD,21.59,,,,,,,,NORTH HAVEN,CT,06473-2946,US,,FALSE,,,FALSE
111-4129474-9756215,111-4129474-9756215,2023-04-16T15:51:50+00:00,2023-04-25T20:31:46+00:00,Shipped,Amazon,Amazon.com,,,Standard,"Vital Proteins Collagen Peptides Powder, Promotes Hair, Nail, Skin, Bone and Joint Health, Lemon 11 Ounce",1055675480,B0B3Q1HNQ5,Shipped,1,USD,21.59,1.51,,,,,,,Riverside,Rhode Island,2915,US,,FALSE,,,FALSE
114-3516632-3651443,114-3516632-3651443,2023-04-16T15:49:00+00:00,2023-04-21T13:56:48+00:00,Shipped,Amazon,Amazon.com,,,SecondDay,"Vital Proteins Collagen Peptides Powder, Promotes Hair, Nail, Skin, Bone and Joint Health, Lemon 11 Ounce",1055675480,B0B3Q1HNQ5,Shipped,1,USD,21.59,1.46,,,,,,,MOORESVILLE,NC,28117-5933,US,,FALSE,,,FALSE
112-9714078-0536262,112-9714078-0536262,2023-04-16T15:47:31+00:00,2023-04-25T00:27:49+00:00,Shipped,Amazon,Amazon.com,,,SecondDay,"Vital Proteins Collagen Peptides Powder, Promotes Hair, Nail, Skin, Bone and Joint Health, Lemon 11 Ounce",1055675480,B0B3Q1HNQ5,Shipped,1,USD,21.59,1.51,,,,,,,Indianapolis,Indiana,46237,US,,FALSE,,,FALSE
111-3542423-0493008,111-3542423-0493008,2023-04-16T15:44:26+00:00,2023-05-02T17:01:36+00:00,Cancelled,Amazon,Amazon.com,,,SecondDay,"Vital Proteins Collagen Peptides Powder, Promotes Hair, Nail, Skin, Bone and Joint Health, Lemon 11 Ounce",1055675480,B0B3Q1HNQ5,Cancelled,0,,,,,,,,,,LOUISVILLE,KY,40245-3985,US,,FALSE,,,FALSE
112-5615654-7506640,112-5615654-7506640,2023-04-16T15:25:11+00:00,2023-04-16T15:44:39+00:00,Cancelled,Amazon,Amazon.com,,,SecondDay,"Vital Proteins Collagen Peptides Powder, Promotes Hair, Nail, Skin, Bone and Joint Health, Lemon 11 Ounce",1055675480,B0B3Q1HNQ5,Cancelled,0,,,,,,,,,,NORTH BEND,OH,45052-8005,US,,FALSE,,,FALSE
112-4155498-3873061,112-4155498-3873061,2023-04-16T15:16:50+00:00,2023-04-21T20:25:16+00:00,Shipped,Amazon,Amazon.com,,,Standard,"Vital Proteins Collagen Peptides Powder, Promotes Hair, Nail, Skin, Bone and Joint Health, Lemon 11 Ounce",1055675480,B0B3Q1HNQ5,Shipped,1,USD,21.59,1.4,,,,,,,Aberdeen,SD,57401,US,,FALSE,,,FALSE
112-4428969-6272204,112-4428969-6272204,2023-04-16T15:14:47+00:00,2023-04-21T17:36:52+00:00,Shipped,Amazon,Amazon.com,,,SecondDay,"Vital Proteins Collagen Peptides Powder, Promotes Hair, Nail, Skin, Bone and Joint Health, Lemon 11 Ounce",1055675480,B0B3Q1HNQ5,Shipped,1,USD,21.59,1.67,,,,,,,ALBUQUERQUE,NM,87113-2093,US,,FALSE,,,FALSE
111-4557257-2392253,111-4557257-2392253,2023-04-16T14:52:33+00:00,2023-05-10T07:29:59+00:00,Shipped,Amazon,Amazon.com,,,SecondDay,"Vital Proteins Collagen Peptides Powder, Promotes Hair, Nail, Skin, Bone and Joint Health, Lemon 11 Ounce",1055675480,B0B3Q1HNQ5,Shipped,2,USD,43.18,2.7,,,,,,,HOLDEN,MA,01520-1026,US,,FALSE,,,FALSE
111-4557257-2392253,111-4557257-2392253,2023-04-16T14:52:33+00:00,2023-05-10T07:29:59+00:00,Shipped,Amazon,Amazon.com,,,SecondDay,"Vital Proteins Collagen Peptides Powder, Promotes Hair, Nail, Skin, Bone and Joint Health, Lemon 11 Ounce",1055675480,B0B3Q1HNQ5,Cancelled,0,,,,,,,,,,HOLDEN,MA,01520-1026,US,,FALSE,,,FALSE
111-1037823-2273021,111-1037823-2273021,2023-04-16T11:08:55+00:00,2023-04-27T13:59:40+00:00,Shipped,Amazon,Amazon.com,,,Standard,"Vital Proteins Collagen Peptides Powder, Promotes Hair, Nail, Skin, Bone and Joint Health, Lemon 11 Ounce",1055675480,B0B3Q1HNQ5,Shipped,1,USD,21.59,,0.58,,,,,0.58,BRONX,NY,10462-6920,US,US Core Free Shipping Promotion A3JU1FCINF5SD0,FALSE,,,FALSE
112-0227360-2034678,112-0227360-2034678,2023-04-16T08:24:58+00:00,2023-04-25T19:13:30+00:00,Cancelled,Amazon,Amazon.com,,,SecondDay,"Stanley Big Grip Travel Quencher Cream, 1 EA",1055557288,B09LRPT658,Cancelled,0,,,,,,,,,,HICKSVILLE,NY,11801-4924,US,,FALSE,,,FALSE
114-4927091-1079465,114-4927091-1079465,2023-04-15T22:25:59+00:00,2023-04-22T13:43:58+00:00,Shipped,Amazon,Amazon.com,,,SecondDay,"Vital Proteins Collagen Peptides Powder, Promotes Hair, Nail, Skin, Bone and Joint Health, Lemon 11 Ounce",1055675480,B0B3Q1HNQ5,Shipped,1,USD,21.59,1.51,,,,,,,Denver,NC,28037,US,,FALSE,,,FALSE
114-7787443-8857027,114-7787443-8857027,2023-04-15T18:31:36+00:00,2023-04-16T10:12:23+00:00,Shipped,Amazon,Amazon.com,,,Expedited,"Vital Proteins Collagen Peptides Powder, Promotes Hair, Nail, Skin, Bone and Joint Health, Lemon 11 Ounce",1055675480,B0B3Q1HNQ5,Shipped,1,USD,21.59,0.27,1.5,,,,,1.5,CHICAGO,IL,60611-3234,US,,FALSE,,,FALSE
112-8006018-9654632,112-8006018-9654632,2023-04-15T17:33:14+00:00,2023-04-22T12:29:09+00:00,Shipped,Amazon,Amazon.com,,,SecondDay,"Vital Proteins Collagen Peptides Powder, Promotes Hair, Nail, Skin, Bone and Joint Health, Lemon 11 Ounce",1055675480,B0B3Q1HNQ5,Shipped,1,USD,21.59,1.81,,,,,,,NORTH LAS VEGAS,NV,89031-6801,US,,FALSE,,,FALSE
111-4246436-1121869,111-4246436-1121869,2023-04-15T17:12:04+00:00,2023-05-08T18:17:28+00:00,Cancelled,Amazon,Amazon.com,,,Standard,"Vital Proteins Collagen Peptides Powder, Promotes Hair, Nail, Skin, Bone and Joint Health, Lemon 11 Ounce",1055675480,B0B3Q1HNQ5,Cancelled,0,,,,,,,,,,Quebec,Quebec,G1J 4G6,CA,,FALSE,,,FALSE
114-2330129-2508225,114-2330129-2508225,2023-04-15T06:02:24+00:00,2023-04-18T23:13:46+00:00,Shipped,Amazon,Amazon.com,,,SecondDay,"Stanley Quencher H2.0 FlowState Stainless Steel Vacuum Insulated Tumbler with Lid and Straw for Water, Iced Tea or Coffee, Smoothie and More",K5-OFOA-21PF,B0BQZBPY2L,Shipped,1,USD,65,5.04,,,,,,,ENCINITAS,CA,92024-5603,US,,FALSE,,,FALSE
113-4345895-8629024,113-4345895-8629024,2023-04-15T03:59:01+00:00,2023-04-19T22:00:33+00:00,Shipped,Amazon,Amazon.com,,,SecondDay,"Vital Proteins Collagen Peptides Powder, Promotes Hair, Nail, Skin, Bone and Joint Health, Lemon 11 Ounce",1055675480,B0B3Q1HNQ5,Shipped,1,USD,0,,,,,,,,Ontario,California,91764,US,,FALSE,,,FALSE
113-8593633-6886641,113-8593633-6886641,2023-04-14T23:53:41+00:00,2023-05-06T16:47:59+00:00,Shipped,Amazon,Amazon.com,,,SecondDay,"Vital Proteins Collagen Peptides Powder, Promotes Hair, Nail, Skin, Bone and Joint Health, Lemon 11 Ounce",1055675480,B0B3Q1HNQ5,Shipped,1,USD,21.59,1.73,,,,,,,AUBURN,AL,36830-4508,US,,FALSE,,,FALSE
112-5785034-2133855,112-5785034-2133855,2023-04-14T19:34:23+00:00,2023-04-15T01:07:31+00:00,Shipped,Amazon,Amazon.com,,,Expedited,"Vital Proteins Collagen Peptides Powder, Promotes Hair, Nail, Skin, Bone and Joint Health, Lemon 11 Ounce",1055675480,B0B3Q1HNQ5,Shipped,1,USD,21.59,1.89,0.99,,,,,0.99,Ontario,California,91764,US,,FALSE,,,FALSE
114-3500439-5784269,114-3500439-5784269,2023-04-14T19:24:37+00:00,2023-04-21T20:39:46+00:00,Shipped,Amazon,Amazon.com,,,SecondDay,"Vital Proteins Collagen Peptides Powder, Promotes Hair, Nail, Skin, Bone and Joint Health, Lemon 11 Ounce",1055675480,B0B3Q1HNQ5,Shipped,1,USD,21.59,2.04,,,,,,,CHALMETTE,LA,70043-3024,US,,FALSE,,,FALSE
114-2652017-1621064,114-2652017-1621064,2023-04-14T19:05:01+00:00,2023-04-14T20:02:20+00:00,Shipped,Amazon,Amazon.com,,,Expedited,"Vital Proteins Collagen Peptides Powder, Promotes Hair, Nail, Skin, Bone and Joint Health, Lemon 11 Ounce",1055675480,B0B3Q1HNQ5,Shipped,1,USD,21.59,1.67,2.99,0.23,,,,,SAN JUAN CAPISTRANO,CA,92675-1115,US,,FALSE,,,FALSE
114-2758668-4985021,114-2758668-4985021,2023-04-14T18:24:18+00:00,2023-04-19T08:20:49+00:00,Shipped,Amazon,Amazon.com,,,SecondDay,"Vital Proteins Collagen Peptides Powder, Promotes Hair, Nail, Skin, Bone and Joint Health, Lemon 11 Ounce",1055675480,B0B3Q1HNQ5,Shipped,1,USD,21.59,,,,,,,,GAINESVILLE,FL,32609-3829,US,,FALSE,,,FALSE
113-2484521-7400263,113-2484521-7400263,2023-04-14T18:17:27+00:00,2023-04-21T08:25:52+00:00,Shipped,Amazon,Amazon.com,,,SecondDay,"Vital Proteins Collagen Peptides Powder, Promotes Hair, Nail, Skin, Bone and Joint Health, Lemon 11 Ounce",1055675480,B0B3Q1HNQ5,Shipped,1,USD,21.59,1.51,,,,,,,EASLEY,SC,29642-1932,US,,FALSE,,,FALSE
114-4041567-5697853,114-4041567-5697853,2023-04-14T18:16:37+00:00,2023-04-22T13:51:05+00:00,Shipped,Amazon,Amazon.com,,,SecondDay,"Vital Proteins Collagen Peptides Powder, Promotes Hair, Nail, Skin, Bone and Joint Health, Lemon 11 Ounce",1055675480,B0B3Q1HNQ5,Shipped,1,USD,21.59,,,,,,,,BEACON,NY,12508-2249,US,,FALSE,,,FALSE
112-2112120-9233801,112-2112120-9233801,2023-04-14T18:14:11+00:00,2023-04-14T21:54:30+00:00,Shipped,Amazon,Amazon.com,,,Expedited,"Vital Proteins Collagen Peptides Powder, Promotes Hair, Nail, Skin, Bone and Joint Health, Lemon 11 Ounce",1055675480,B0B3Q1HNQ5,Shipped,1,USD,21.59,1.35,1.49,,,,,1.49,NORTHBOROUGH,MA,01532-1649,US,,FALSE,,,FALSE
114-6046444-6872207,114-6046444-6872207,2023-04-14T18:10:05+00:00,2023-04-19T16:26:55+00:00,Shipped,Amazon,Amazon.com,,,SecondDay,"Vital Proteins Collagen Peptides Powder, Promotes Hair, Nail, Skin, Bone and Joint Health, Lemon 11 Ounce",1055675480,B0B3Q1HNQ5,Shipped,1,USD,21.59,,,,,,,,NEW SMYRNA BEACH,FL,32168-2429,US,,FALSE,,,FALSE
113-1371409-7667407,113-1371409-7667407,2023-04-14T17:52:13+00:00,2023-04-20T06:20:31+00:00,Shipped,Amazon,Amazon.com,,,SecondDay,"Vital Proteins Collagen Peptides Powder, Promotes Hair, Nail, Skin, Bone and Joint Health, Lemon 11 Ounce",1055675480,B0B3Q1HNQ5,Shipped,1,USD,21.59,,,,,,,,BETHESDA,MD,20814-3109,US,,FALSE,,,FALSE
113-7677153-6811466,113-7677153-6811466,2023-04-14T17:43:39+00:00,2023-04-21T00:58:09+00:00,Shipped,Amazon,Amazon.com,,,SecondDay,"Vital Proteins Collagen Peptides Powder, Promotes Hair, Nail, Skin, Bone and Joint Health, Lemon 11 Ounce",1055675480,B0B3Q1HNQ5,Shipped,1,USD,21.59,2.21,,,,,,,SEATTLE,WA,98102-4973,US,,FALSE,,,FALSE
111-2271962-7601802,111-2271962-7601802,2023-04-14T17:31:42+00:00,2023-04-14T17:33:47+00:00,Cancelled,Amazon,Amazon.com,,,SecondDay,"Vital Proteins Collagen Peptides Powder, Promotes Hair, Nail, Skin, Bone and Joint Health, Lemon 11 Ounce",1055675480,B0B3Q1HNQ5,Cancelled,0,,,,,,,,,,TROY,NY,12180-6815,US,,FALSE,,,FALSE
111-9618641-5649865,111-9618641-5649865,2023-04-14T17:30:34+00:00,2023-04-15T11:26:44+00:00,Cancelled,Amazon,Amazon.com,,,SecondDay,"Vital Proteins Collagen Peptides Powder, Promotes Hair, Nail, Skin, Bone and Joint Health, Lemon 11 Ounce",1055675480,B0B3Q1HNQ5,Cancelled,0,,,,,,,,,,WILMINGTON,NC,28403-0181,US,,FALSE,,,FALSE
113-9497172-4248249,113-9497172-4248249,2023-04-14T17:29:10+00:00,2023-04-19T23:53:35+00:00,Shipped,Amazon,Amazon.com,,,SecondDay,"Vital Proteins Collagen Peptides Powder, Promotes Hair, Nail, Skin, Bone and Joint Health, Lemon 11 Ounce",1055675480,B0B3Q1HNQ5,Shipped,1,USD,21.59,1.3,,,,,,,Boise,ID,83713,US,,FALSE,,,FALSE
111-7988821-9550666,111-7988821-9550666,2023-04-14T17:27:16+00:00,2023-04-19T14:28:12+00:00,Shipped,Amazon,Amazon.com,,,SecondDay,"Vital Proteins Collagen Peptides Powder, Promotes Hair, Nail, Skin, Bone and Joint Health, Lemon 11 Ounce",1055675480,B0B3Q1HNQ5,Shipped,1,USD,21.59,,,,,,,,ALTAMONTE SPRINGS,FL,32714-1328,US,,FALSE,,,FALSE
114-8611178-1000250,114-8611178-1000250,2023-04-14T17:20:38+00:00,2023-04-19T22:07:44+00:00,Shipped,Amazon,Amazon.com,,,SecondDay,"Vital Proteins Collagen Peptides Powder, Promotes Hair, Nail, Skin, Bone and Joint Health, Lemon 11 Ounce",1055675480,B0B3Q1HNQ5,Shipped,1,USD,21.59,,,,,,,,BRONX,NY,10475-3713,US,,FALSE,,,FALSE
112-4677783-0212240,112-4677783-0212240,2023-04-14T17:13:35+00:00,2023-04-19T07:45:32+00:00,Shipped,Amazon,Amazon.com,,,SecondDay,"Vital Proteins Collagen Peptides Powder, Promotes Hair, Nail, Skin, Bone and Joint Health, Lemon 11 Ounce",1055675480,B0B3Q1HNQ5,Shipped,1,USD,21.59,1.54,,,,,,,INVER GROVE HEIGHTS,MN,55077-3620,US,,FALSE,,,FALSE
111-3394005-9553027,111-3394005-9553027,2023-04-14T17:10:42+00:00,2023-04-22T01:32:17+00:00,Shipped,Amazon,Amazon.com,,,SecondDay,"Vital Proteins Collagen Peptides Powder, Promotes Hair, Nail, Skin, Bone and Joint Health, Lemon 11 Ounce",1055675480,B0B3Q1HNQ5,Shipped,1,USD,21.59,1.92,,,,,,,DUVALL,WA,98019-8189,US,,FALSE,,,FALSE
112-4238906-4785036,112-4238906-4785036,2023-04-14T17:10:20+00:00,2023-04-21T20:32:06+00:00,Shipped,Amazon,Amazon.com,,,Standard,"Vital Proteins Collagen Peptides Powder, Promotes Hair, Nail, Skin, Bone and Joint Health, Lemon 11 Ounce",1055675480,B0B3Q1HNQ5,Shipped,3,USD,64.77,4.77,8.07,,,,,8.07,Owatonna,MN,55060,US,US Core Free Shipping Promotion A3JU1FCINF5SD0,TRUE,,,FALSE
114-6394750-1704254,114-6394750-1704254,2023-04-14T16:55:23+00:00,2023-04-20T14:14:39+00:00,Shipped,Amazon,Amazon.com,,,SecondDay,"Vital Proteins Collagen Peptides Powder, Promotes Hair, Nail, Skin, Bone and Joint Health, Lemon 11 Ounce",1055675480,B0B3Q1HNQ5,Shipped,1,USD,21.59,,,,,,,,TOMBALL,TX,77377-7978,US,,FALSE,,,FALSE
112-4442770-6236220,112-4442770-6236220,2023-04-14T16:53:52+00:00,2023-05-04T19:49:25+00:00,Cancelled,Amazon,Amazon.com,,,SecondDay,"Vital Proteins Collagen Peptides Powder, Promotes Hair, Nail, Skin, Bone and Joint Health, Lemon 11 Ounce",1055675480,B0B3Q1HNQ5,Cancelled,0,,,,,,,,,,JERICHO,VT,05465-2104,US,,FALSE,,,FALSE
114-5989411-6744252,114-5989411-6744252,2023-04-14T16:52:10+00:00,2023-04-25T00:01:24+00:00,Cancelled,Amazon,Amazon.com,,,SecondDay,"Vital Proteins Collagen Peptides Powder, Promotes Hair, Nail, Skin, Bone and Joint Health, Lemon 11 Ounce",1055675480,B0B3Q1HNQ5,Cancelled,0,,,,,,,,,,BROOKLYN,NY,11249-3185,US,,FALSE,,,FALSE
113-2206048-9985841,113-2206048-9985841,2023-04-14T00:02:44+00:00,2023-04-19T03:27:53+00:00,Shipped,Amazon,Amazon.com,,,SecondDay,"Vital Proteins Collagen Peptides Powder, Promotes Hair, Nail, Skin, Bone and Joint Health, Lemon 11 Ounce",1055675480,B0B3Q1HNQ5,Shipped,1,USD,21.59,1.67,,,,,,,ALPHARETTA,GA,30005-6755,US,,FALSE,,,FALSE
111-6714780-3665042,111-6714780-3665042,2023-04-13T23:35:19+00:00,2023-04-20T03:47:07+00:00,Shipped,Amazon,Amazon.com,,,SecondDay,"Vital Proteins Collagen Peptides Powder, Promotes Hair, Nail, Skin, Bone and Joint Health, Lemon 11 Ounce",1055675480,B0B3Q1HNQ5,Shipped,1,USD,21.59,1.89,,,,,,,MURRIETA,CA,92562-2221,US,,FALSE,,,FALSE
113-0068883-5096263,113-0068883-5096263,2023-04-13T23:34:05+00:00,2023-04-19T18:46:35+00:00,Shipped,Amazon,Amazon.com,,,SecondDay,"Vital Proteins Collagen Peptides Powder, Promotes Hair, Nail, Skin, Bone and Joint Health, Lemon 11 Ounce",1055675480,B0B3Q1HNQ5,Shipped,1,USD,21.59,1.3,,,,,,,GEORGETOWN,KY,40324-8658,US,,FALSE,,,FALSE
111-5776615-6927437,111-5776615-6927437,2023-04-13T22:26:42+00:00,2023-04-21T03:41:37+00:00,Shipped,Amazon,Amazon.com,,,SecondDay,"Vital Proteins Collagen Peptides Powder, Promotes Hair, Nail, Skin, Bone and Joint Health, Lemon 11 Ounce",1055675480,B0B3Q1HNQ5,Shipped,1,USD,21.59,1.94,,,,,,,GOOSE CREEK,SC,29445-7263,US,,FALSE,,,FALSE
111-6327456-7089003,111-6327456-7089003,2023-04-13T21:12:51+00:00,2023-04-14T10:34:30+00:00,Shipped,Amazon,Amazon.com,,,Expedited,"Vital Proteins Collagen Peptides Powder, Promotes Hair, Nail, Skin, Bone and Joint Health, Lemon 11 Ounce",1055675480,B0B3Q1HNQ5,Shipped,1,USD,21.59,1.81,0.75,,,,,0.75,LAS VEGAS,NV,89183-6995,US,,FALSE,,,FALSE
111-3146111-2003403,111-3146111-2003403,2023-04-13T19:42:04+00:00,2023-04-13T20:39:33+00:00,Shipped,Amazon,Amazon.com,,,Expedited,"Vital Proteins Collagen Peptides Powder, Promotes Hair, Nail, Skin, Bone and Joint Health, Lemon 11 Ounce",1055675480,B0B3Q1HNQ5,Shipped,1,USD,21.59,,1.49,,,,,1.49,SAINT PETERSBURG,FL,33702-3530,US,,FALSE,,,FALSE
113-1045375-7742602,113-1045375-7742602,2023-04-13T19:08:06+00:00,2023-04-23T00:32:46+00:00,Shipped,Amazon,Amazon.com,,,SecondDay,"Vital Proteins Collagen Peptides Powder, Promotes Hair, Nail, Skin, Bone and Joint Health, Lemon 11 Ounce",1055675480,B0B3Q1HNQ5,Shipped,1,USD,21.59,1.3,,,,,,,IDAHO FALLS,ID,83401-5969,US,,FALSE,,,FALSE
111-5652686-3629003,111-5652686-3629003,2023-04-13T18:09:54+00:00,2023-04-20T05:53:52+00:00,Shipped,Amazon,Amazon.com,,,SecondDay,"Vital Proteins Collagen Peptides Powder, Promotes Hair, Nail, Skin, Bone and Joint Health, Lemon 11 Ounce",1055675480,B0B3Q1HNQ5,Shipped,1,USD,21.59,0.27,,,,,,,NORTHBROOK,IL,60062-2741,US,,FALSE,,,FALSE
113-6137931-2539419,113-6137931-2539419,2023-04-13T18:04:15+00:00,2023-04-13T22:47:04+00:00,Shipped,Amazon,Amazon.com,,http://www.amazon.com,Expedited,"Stanley Quencher H2.0 FlowState Stainless Steel Vacuum Insulated Tumbler with Lid and Straw for Water, Iced Tea or Coffee, Smoothie and More",1055557203,B0BQZBPS4G,Shipped,1,USD,70,,,,,,,,HAMBURG,PA,19526-7947,US,,FALSE,,,FALSE
113-8531722-0036267,113-8531722-0036267,2023-04-13T15:06:49+00:00,2023-04-22T21:32:49+00:00,Shipped,Amazon,Amazon.com,,,SecondDay,"Vital Proteins Collagen Peptides Powder, Promotes Hair, Nail, Skin, Bone and Joint Health, Lemon 11 Ounce",1055675480,B0B3Q1HNQ5,Shipped,1,USD,21.59,1.51,,,,,,,FISHERS,IN,46037-9753,US,,FALSE,,,FALSE
111-2674425-0241053,111-2674425-0241053,2023-04-13T09:08:27+00:00,2023-04-19T19:47:47+00:00,Shipped,Amazon,Amazon.com,,,SecondDay,"Vital Proteins Collagen Peptides Powder, Promotes Hair, Nail, Skin, Bone and Joint Health, Lemon 11 Ounce",1055675480,B0B3Q1HNQ5,Shipped,1,USD,21.59,1.46,,,,,,,DANBURY,NC,27016-7243,US,,FALSE,,,FALSE
111-6445583-8820268,111-6445583-8820268,2023-04-13T03:53:00+00:00,2023-04-28T18:42:47+00:00,Shipped,Amazon,Amazon.com,,,SecondDay,"Vital Proteins Collagen Peptides Powder, Promotes Hair, Nail, Skin, Bone and Joint Health, Lemon 11 Ounce",1055675480,B0B3Q1HNQ5,Shipped,1,USD,21.59,2.11,,,,,,,ROCKY TOP,TN,37769-5809,US,,FALSE,,,FALSE
114-3104249-4587409,114-3104249-4587409,2023-04-13T02:49:47+00:00,2023-04-19T22:14:10+00:00,Cancelled,Amazon,Amazon.com,,,SecondDay,"Vital Proteins Collagen Peptides Powder, Promotes Hair, Nail, Skin, Bone and Joint Health, Lemon 11 Ounce",1055675480,B0B3Q1HNQ5,Cancelled,0,,,,,,,,,,NEW LONDON,NC,28127-9141,US,,FALSE,,,FALSE
111-2471926-6673832,111-2471926-6673832,2023-04-13T00:11:28+00:00,2023-04-13T07:11:35+00:00,Shipped,Amazon,Amazon.com,,,Expedited,"Vital Proteins Collagen Peptides Powder, Promotes Hair, Nail, Skin, Bone and Joint Health, Lemon 11 Ounce",1055675480,B0B3Q1HNQ5,Shipped,1,USD,21.59,,1,,,,,1,TOMS RIVER,NJ,08753-2881,US,,FALSE,,,FALSE
114-0664953-6641030,114-0664953-6641030,2023-04-12T22:09:20+00:00,2023-04-30T09:42:47+00:00,Cancelled,Amazon,Amazon.com,,,SecondDay,"Vital Proteins Collagen Peptides Powder, Promotes Hair, Nail, Skin, Bone and Joint Health, Lemon 11 Ounce",1055675480,B0B3Q1HNQ5,Cancelled,0,,,,,,,,,,CHESAPEAKE,VA,23323-4201,US,,FALSE,,,FALSE
111-9012067-5784213,111-9012067-5784213,2023-04-12T22:08:31+00:00,2023-04-13T00:37:31+00:00,Shipped,Amazon,Amazon.com,,,Expedited,"Vital Proteins Collagen Peptides Powder, Promotes Hair, Nail, Skin, Bone and Joint Health, Lemon 11 Ounce",1055675480,B0B3Q1HNQ5,Shipped,1,USD,21.59,,1.5,,,,,1.5,GARLAND,TX,75040-3763,US,,FALSE,,,FALSE
112-8334303-8295439,112-8334303-8295439,2023-04-12T22:05:45+00:00,2023-04-22T22:38:55+00:00,Shipped,Amazon,Amazon.com,,,SecondDay,"Vital Proteins Collagen Peptides Powder, Promotes Hair, Nail, Skin, Bone and Joint Health, Lemon 11 Ounce",1055675480,B0B3Q1HNQ5,Shipped,1,USD,21.59,1.67,,,,,,,CARLSBAD,CA,92008-2574,US,,FALSE,,,FALSE
114-8665851-3288213,114-8665851-3288213,2023-04-12T22:04:47+00:00,2023-04-19T06:11:32+00:00,Shipped,Amazon,Amazon.com,,,SecondDay,"Vital Proteins Collagen Peptides Powder, Promotes Hair, Nail, Skin, Bone and Joint Health, Lemon 11 Ounce",1055675480,B0B3Q1HNQ5,Shipped,1,USD,21.59,,,,,,,,WILLIAMSTON,MI,48895-9516,US,,FALSE,,,FALSE
113-3135531-4777839,113-3135531-4777839,2023-04-12T21:39:15+00:00,2023-04-13T05:51:12+00:00,Cancelled,Amazon,Amazon.com,,,SecondDay,"Vital Proteins Collagen Peptides Powder, Promotes Hair, Nail, Skin, Bone and Joint Health, Lemon 11 Ounce",1055675480,B0B3Q1HNQ5,Cancelled,0,,,,,,,,,,MEDFORD,NY,11763-4090,US,,FALSE,,,FALSE
114-1647795-8801815,114-1647795-8801815,2023-04-12T21:35:56+00:00,2023-04-13T21:07:45+00:00,Cancelled,Amazon,Amazon.com,,,SecondDay,"Vital Proteins Collagen Peptides Powder, Promotes Hair, Nail, Skin, Bone and Joint Health, Lemon 11 Ounce",1055675480,B0B3Q1HNQ5,Cancelled,0,,,,,,,,,,PALO ALTO,CA,94303-3050,US,,FALSE,,,FALSE
114-9454185-8490662,114-9454185-8490662,2023-04-12T21:21:26+00:00,2023-04-26T23:39:16+00:00,Shipped,Amazon,Amazon.com,,,SecondDay,"Vital Proteins Collagen Peptides Powder, Promotes Hair, Nail, Skin, Bone and Joint Health, Lemon 11 Ounce",1055675480,B0B3Q1HNQ5,Shipped,1,USD,21.59,,,,,,,,HELOTES,TX,78023-3537,US,,FALSE,,,FALSE
114-9010932-7503431,114-9010932-7503431,2023-04-12T21:18:17+00:00,2023-04-13T01:36:29+00:00,Shipped,Amazon,Amazon.com,,,Expedited,"Vital Proteins Collagen Peptides Powder, Promotes Hair, Nail, Skin, Bone and Joint Health, Lemon 11 Ounce",1055675480,B0B3Q1HNQ5,Shipped,1,USD,21.59,,1,,,,,1,Davenport,FL,33896-5037,US,,FALSE,,,FALSE
113-2688104-2405004,113-2688104-2405004,2023-04-12T21:18:09+00:00,2023-04-29T05:41:44+00:00,Cancelled,Amazon,Amazon.com,,,SecondDay,"Vital Proteins Collagen Peptides Powder, Promotes Hair, Nail, Skin, Bone and Joint Health, Lemon 11 Ounce",1055675480,B0B3Q1HNQ5,Cancelled,0,,,,,,,,,,Canton,Michigan,48187,US,,FALSE,,,FALSE
114-2089685-3435459,114-2089685-3435459,2023-04-12T21:13:52+00:00,2023-04-16T03:35:33+00:00,Shipped,Amazon,Amazon.com,,,SecondDay,"Vital Proteins Collagen Peptides Powder, Promotes Hair, Nail, Skin, Bone and Joint Health, Lemon 11 Ounce",1055675480,B0B3Q1HNQ5,Shipped,1,USD,21.59,1.3,,,,,,,LEXINGTON,KY,40502-2537,US,,FALSE,,,FALSE
112-2844626-5161065,112-2844626-5161065,2023-04-12T21:10:42+00:00,2023-04-19T02:09:56+00:00,Shipped,Amazon,Amazon.com,,,SecondDay,"Vital Proteins Collagen Peptides Powder, Promotes Hair, Nail, Skin, Bone and Joint Health, Lemon 11 Ounce",1055675480,B0B3Q1HNQ5,Shipped,1,USD,21.59,1.9,,,,,,,DENVER,CO,80238-2931,US,,FALSE,,,FALSE
113-1828209-5101852,113-1828209-5101852,2023-04-12T21:01:32+00:00,2023-04-13T14:52:55+00:00,Shipped,Amazon,Amazon.com,,http://www.amazon.com,NextDay,"Stanley Quencher H2.0 FlowState Stainless Steel Vacuum Insulated Tumbler with Lid and Straw for Water, Iced Tea or Coffee, Smoothie and More",K5-OFOA-21PF,B0BQZBPY2L,Shipped,1,USD,65,,,,,,,,CALEDONIA,MI,49316-9141,US,,FALSE,,,FALSE
114-3667831-8673860,114-3667831-8673860,2023-04-12T20:39:54+00:00,2023-04-16T15:38:36+00:00,Shipped,Amazon,Amazon.com,,,Expedited,"Vital Proteins Collagen Peptides Powder, Promotes Hair, Nail, Skin, Bone and Joint Health, Lemon 11 Ounce",1055675480,B0B3Q1HNQ5,Shipped,1,USD,21.59,1.39,,,,,,,GARDEN CITY,KS,67846-6302,US,,FALSE,,,FALSE
113-4030297-5401800,113-4030297-5401800,2023-04-12T20:20:33+00:00,2023-04-15T02:57:45+00:00,Shipped,Amazon,Amazon.com,,,Expedited,"Vital Proteins Collagen Peptides Powder, Promotes Hair, Nail, Skin, Bone and Joint Health, Lemon 11 Ounce",1055675480,B0B3Q1HNQ5,Shipped,1,USD,21.59,,,,,,,,BRONX,NY,10473-0975,US,,FALSE,,,FALSE
111-2043309-6145834,111-2043309-6145834,2023-04-12T20:20:23+00:00,2023-04-13T00:03:41+00:00,Shipped,Amazon,Amazon.com,,,Expedited,"Vital Proteins Collagen Peptides Powder, Promotes Hair, Nail, Skin, Bone and Joint Health, Lemon 11 Ounce",1055675480,B0B3Q1HNQ5,Shipped,1,USD,21.59,1.88,1.5,,,,,1.5,MARICOPA,AZ,85138-5017,US,,FALSE,,,FALSE
112-2013136-3099422,112-2013136-3099422,2023-04-12T20:18:25+00:00,2023-04-13T06:49:57+00:00,Shipped,Amazon,Amazon.com,,,Expedited,"Vital Proteins Collagen Peptides Powder, Promotes Hair, Nail, Skin, Bone and Joint Health, Lemon 11 Ounce",1055675480,B0B3Q1HNQ5,Shipped,1,USD,21.59,,,,,,,,FORT WORTH,TX,76244-9442,US,,FALSE,,,FALSE
112-0606418-7351430,112-0606418-7351430,2023-04-12T19:59:45+00:00,2023-04-12T22:18:41+00:00,Shipped,Amazon,Amazon.com,,,Expedited,"Vital Proteins Collagen Peptides Powder, Promotes Hair, Nail, Skin, Bone and Joint Health, Lemon 11 Ounce",1055675480,B0B3Q1HNQ5,Shipped,1,USD,21.59,,1.5,,,,,1.5,COLUMBIA,MD,21045-3932,US,,FALSE,,,FALSE
114-8995685-2533053,114-8995685-2533053,2023-04-12T19:45:04+00:00,2023-04-14T22:09:47+00:00,Shipped,Amazon,Amazon.com,,,Standard,"Vital Proteins Collagen Peptides Powder, Promotes Hair, Nail, Skin, Bone and Joint Health, Lemon 11 Ounce",1055675480,B0B3Q1HNQ5,Shipped,1,USD,21.59,1.57,,,,,,,GRAND FORKS,ND,58201-3421,US,,FALSE,,,FALSE
111-6170841-2941027,111-6170841-2941027,2023-04-12T19:38:04+00:00,2023-04-13T06:52:07+00:00,Shipped,Amazon,Amazon.com,,,Expedited,"Vital Proteins Collagen Peptides Powder, Promotes Hair, Nail, Skin, Bone and Joint Health, Lemon 11 Ounce",1055675480,B0B3Q1HNQ5,Shipped,1,USD,21.59,2.27,,,,,,,PRAIRIE GROVE,AR,72753-6034,US,,FALSE,,,FALSE
114-8971235-6749821,114-8971235-6749821,2023-04-12T19:27:35+00:00,2023-04-25T04:22:48+00:00,Shipped,Amazon,Amazon.com,,,Standard,"Vital Proteins Collagen Peptides Powder, Promotes Hair, Nail, Skin, Bone and Joint Health, Lemon 11 Ounce",1055675480,B0B3Q1HNQ5,Shipped,1,USD,21.59,2.48,,,,,,,CAROLINA,PR,00986-7415,US,,FALSE,,,FALSE
111-1998105-8927469,111-1998105-8927469,2023-04-12T19:21:19+00:00,2023-04-13T15:47:08+00:00,Shipped,Amazon,Amazon.com,,,Expedited,"Vital Proteins Collagen Peptides Powder, Promotes Hair, Nail, Skin, Bone and Joint Health, Lemon 11 Ounce",1055675480,B0B3Q1HNQ5,Shipped,1,USD,21.59,,,,,,,,TAKOMA PARK,MD,20912-5954,US,,FALSE,,,FALSE
113-4787199-5781004,113-4787199-5781004,2023-04-12T19:17:31+00:00,2023-04-15T21:24:45+00:00,Shipped,Amazon,Amazon.com,,,Expedited,"Vital Proteins Collagen Peptides Powder, Promotes Hair, Nail, Skin, Bone and Joint Health, Lemon 11 Ounce",1055675480,B0B3Q1HNQ5,Shipped,1,USD,21.59,1.59,,,,,,,PILLAGER,MN,56473-2380,US,,FALSE,,,FALSE
113-7602724-5901828,113-7602724-5901828,2023-04-12T19:14:17+00:00,2023-04-13T07:12:02+00:00,Shipped,Amazon,Amazon.com,,,SecondDay,"Vital Proteins Collagen Peptides Powder, Promotes Hair, Nail, Skin, Bone and Joint Health, Lemon 11 Ounce",1055675480,B0B3Q1HNQ5,Shipped,1,USD,21.59,1.51,,,,,,,HARTWELL,GA,30643-1734,US,,FALSE,,,FALSE
113-1213462-1531452,113-1213462-1531452,2023-04-12T14:07:39+00:00,2023-04-18T14:11:50+00:00,Shipped,Amazon,Amazon.com,,,SecondDay,Stanley Adventure Quencher Travel Tumbler 40oz Cornflower,TF-LI6U-3DEN,B09V5PS6BZ,Shipped,1,USD,63,3.78,,,,,,,CHESAPEAKE,VA,23323-3142,US,,FALSE,,,FALSE
114-2917673-0618608,114-2917673-0618608,2023-04-12T13:25:00+00:00,2023-04-21T20:34:42+00:00,Shipped,Amazon,Amazon.com,,,SecondDay,Stanley Adventure Quencher Travel Tumbler 40oz Cornflower,TF-LI6U-3DEN,B09V5PS6BZ,Shipped,1,USD,63,5.36,,,,,,,Libertyville,IL,60048-4426,US,,FALSE,,,FALSE
111-9682443-6102626,111-9682443-6102626,2023-04-12T12:31:57+00:00,2023-04-25T23:37:58+00:00,Shipped,Amazon,Amazon.com,,,SecondDay,Stanley Adventure Quencher Travel Tumbler 40oz Cornflower,TF-LI6U-3DEN,B09V5PS6BZ,Shipped,1,USD,63,3.78,,,,,,,DOVER,PA,17315-1174,US,,FALSE,,,FALSE
113-8638929-1476210,113-8638929-1476210,2023-04-12T11:33:48+00:00,2023-04-13T15:26:10+00:00,Shipped,Amazon,Amazon.com,,http://www.amazon.com,Expedited,"Vital Proteins Collagen Peptides Powder, Promotes Hair, Nail, Skin, Bone and Joint Health, Lemon 11 Ounce",1055675480,B0B3Q1HNQ5,Shipped,1,USD,21.59,,,,,,,,OAK CREEK,WI,53154-4925,US,,FALSE,,,FALSE
113-4736671-3744231,113-4736671-3744231,2023-04-12T06:30:24+00:00,2023-04-17T16:05:53+00:00,Shipped,Amazon,Amazon.com,,,Standard,"Stanley Big Grip Travel Quencher Cream, 1 EA",1055557288,B09LRPT658,Shipped,1,USD,61.49,6,6.99,0.68,,,,,MCMINNVILLE,TN,37110-2472,US,,FALSE,,,FALSE
113-2694100-0627402,113-2694100-0627402,2023-04-12T05:25:39+00:00,2023-04-22T17:17:38+00:00,Shipped,Amazon,Amazon.com,,,Standard,Stanley Adventure Quencher Travel Tumbler 40oz Cornflower,TF-LI6U-3DEN,B09V5PS6BZ,Shipped,1,USD,63,5.99,6.99,0.66,,,,,BEVERLY HILLS,CA,90210-1059,US,,FALSE,,,FALSE
112-0686178-1793036,112-0686178-1793036,2023-04-12T05:02:00+00:00,2023-04-14T07:43:44+00:00,Shipped,Amazon,Amazon.com,,,SecondDay,Stanley Adventure Quencher Travel Tumbler 40oz Cornflower,TF-LI6U-3DEN,B09V5PS6BZ,Shipped,1,USD,63,,,,,,,,Keizer,OR,97303-5453,US,,FALSE,,,FALSE
113-4173938-3219464,113-4173938-3219464,2023-04-12T01:10:47+00:00,2023-04-12T16:48:11+00:00,Shipped,Amazon,Amazon.com,,,Expedited,"Stanley Big Grip Travel Quencher Cream, 1 EA",1055557288,B09LRPT658,Shipped,1,USD,61.49,4,,,,,,,NORTH FORT MYERS,FL,33917-1549,US,,FALSE,,,FALSE
113-5086197-9237038,113-5086197-9237038,2023-04-12T00:53:27+00:00,2023-04-14T06:25:01+00:00,Shipped,Amazon,Amazon.com,,,SecondDay,Stanley Adventure Quencher Travel Tumbler 40oz Cornflower,TF-LI6U-3DEN,B09V5PS6BZ,Shipped,1,USD,63,,,,,,,,WILMINGTON,DE,19803-1406,US,,FALSE,,,FALSE
114-4350067-7806604,114-4350067-7806604,2023-04-12T00:52:08+00:00,2023-04-14T16:38:49+00:00,Shipped,Amazon,Amazon.com,,,SecondDay,Stanley Adventure Quencher Travel Tumbler 40oz Cornflower,TF-LI6U-3DEN,B09V5PS6BZ,Shipped,1,USD,63,3.34,,,,,,,LYNCHBURG,VA,24502-5375,US,,FALSE,,,FALSE
112-4126219-4610621,112-4126219-4610621,2023-04-12T00:44:21+00:00,2023-04-13T09:39:58+00:00,Shipped,Amazon,Amazon.com,,,SecondDay,Stanley Adventure Quencher Travel Tumbler 40oz Cornflower,TF-LI6U-3DEN,B09V5PS6BZ,Shipped,1,USD,63,5.2,,,,,,,EAGLE PASS,TX,78852-6621,US,,FALSE,,,FALSE
112-9930909-7175464,112-9930909-7175464,2023-04-12T00:23:32+00:00,2023-04-13T19:21:04+00:00,Shipped,Amazon,Amazon.com,,,Standard,Stanley Adventure Quencher Travel Tumbler 40oz Cornflower,TF-LI6U-3DEN,B09V5PS6BZ,Shipped,1,USD,63,4.41,,,,,,,TOCCOA,GA,30577-7203,US,,FALSE,,,FALSE
113-5897455-9880261,113-5897455-9880261,2023-04-12T00:22:53+00:00,2023-04-12T02:59:30+00:00,Cancelled,Amazon,Amazon.com,,,Standard,Stanley Adventure Quencher Travel Tumbler 40oz Cornflower,TF-LI6U-3DEN,B09V5PS6BZ,Cancelled,0,,,,,,,,,,WINSTON,GA,30187-1961,US,,FALSE,,,FALSE
112-4338333-4648200,112-4338333-4648200,2023-04-12T00:22:21+00:00,2023-04-13T05:26:33+00:00,Shipped,Amazon,Amazon.com,,,Expedited,Stanley Adventure Quencher Travel Tumbler 40oz Cornflower,TF-LI6U-3DEN,B09V5PS6BZ,Shipped,1,USD,63,3.78,,,,,,,NORTH CHESTERFIELD,VA,23235-6115,US,,FALSE,,,FALSE
113-0057037-7340273,113-0057037-7340273,2023-04-12T00:20:07+00:00,2023-04-12T06:37:27+00:00,Shipped,Amazon,Amazon.com,,,Expedited,Stanley Adventure Quencher Travel Tumbler 40oz Cornflower,TF-LI6U-3DEN,B09V5PS6BZ,Shipped,1,USD,63,5.43,,,,,,,OKLAHOMA CITY,OK,73162-3016,US,,FALSE,,,FALSE
112-5388919-0677020,112-5388919-0677020,2023-04-12T00:15:21+00:00,2023-04-12T09:36:36+00:00,Shipped,Amazon,Amazon.com,,,Standard,Stanley Adventure Quencher Travel Tumbler 40oz Cornflower,TF-LI6U-3DEN,B09V5PS6BZ,Shipped,1,USD,63,4.41,6.99,0.49,,,,,SAVANNAH,GA,31410-3409,US,,FALSE,,,FALSE
114-5437014-8075434,114-5437014-8075434,2023-04-12T00:11:58+00:00,2023-04-12T05:24:21+00:00,Shipped,Amazon,Amazon.com,,,Expedited,Stanley Adventure Quencher Travel Tumbler 40oz Cornflower,TF-LI6U-3DEN,B09V5PS6BZ,Shipped,1,USD,63,3.78,,,,,,,LOUISVILLE,KY,40213-1802,US,,FALSE,,,FALSE
114-2558949-8347463,114-2558949-8347463,2023-04-12T00:03:57+00:00,2023-04-12T00:07:32+00:00,Cancelled,Amazon,Amazon.com,,,Expedited,Stanley Adventure Quencher Travel Tumbler 40oz Cornflower,TF-LI6U-3DEN,B09V5PS6BZ,Cancelled,0,,,,,,,,,,LOUISVILLE,KY,40213-1802,US,,FALSE,,,FALSE
114-3917045-0805846,114-3917045-0805846,2023-04-11T23:53:04+00:00,2023-04-12T08:08:28+00:00,Shipped,Amazon,Amazon.com,,,Expedited,Stanley Adventure Quencher Travel Tumbler 40oz Cornflower,TF-LI6U-3DEN,B09V5PS6BZ,Shipped,1,USD,63,4.41,,,,,,,LAKEWOOD RANCH,FL,34202-4215,US,,FALSE,,,FALSE
111-3476206-9982605,111-3476206-9982605,2023-04-11T02:14:31+00:00,2023-04-20T15:55:21+00:00,Shipped,Amazon,Amazon.com,,,Standard,"Stanley Quencher H2.0 FlowState Stainless Steel Vacuum Insulated Tumbler with Lid and Straw for Water, Iced Tea or Coffee, Smoothie and More",K5-OFOA-21PF,B0BQZBPY2L,Shipped,1,USD,65,4.55,1.44,,,,,,LAURENS,IA,50554-1525,US,,FALSE,,,FALSE
112-3425546-1829055,,2023-04-09T14:05:18+00:00,2023-04-11T23:47:41+00:00,Cancelled,Merchant,Amazon.com,WebsiteOrderChannel,,Standard,Stanley Adventure Quencher Travel Tumbler 40oz Cornflower,C7-0URW-ZX1D,B09V5PS6BZ,,0,USD,60,3.6,,,,,,,DOVER,PA,17315-1174,US,,FALSE,,,FALSE
114-5695266-0157001,114-5695266-0157001,2023-04-07T20:58:12+00:00,2023-04-13T11:34:41+00:00,Shipped,Amazon,Amazon.com,,,Standard,"Stanley Quencher H2.0 FlowState Stainless Steel Vacuum Insulated Tumbler with Lid and Straw for Water, Iced Tea or Coffee, Smoothie and More",K5-OFOA-21PF,B0BQZBPY2L,Shipped,1,USD,65,6.66,3.95,,,,,3.95,Bellflower,CA,90706,US,US Core Free Shipping Promotion A3JU1FCINF5SD0,FALSE,,,FALSE
114-4265922-3813818,114-4265922-3813818,2023-04-07T15:23:17+00:00,2023-04-14T21:02:37+00:00,Shipped,Amazon,Amazon.com,,,Standard,"Stanley Quencher H2.0 FlowState Stainless Steel Vacuum Insulated Tumbler with Lid and Straw for Water, Iced Tea or Coffee, Smoothie and More",K5-OFOA-21PF,B0BQZBPY2L,Shipped,1,USD,65,5.36,7.61,,,,,7.61,CORPUS CHRISTI,TX,78410-3342,US,US Core Free Shipping Promotion A3JU1FCINF5SD0,FALSE,,,FALSE
112-5503429-0917853,112-5503429-0917853,2023-04-07T15:03:08+00:00,2023-04-13T15:12:26+00:00,Shipped,Amazon,Amazon.com,,,SecondDay,"Stanley Quencher H2.0 FlowState Stainless Steel Vacuum Insulated Tumbler with Lid and Straw for Water, Iced Tea or Coffee, Smoothie and More",1055557203,B0BQZBPS4G,Shipped,1,USD,70,4.38,,,,,,,WESTFIELD,MA,01085-4753,US,,FALSE,,,FALSE
112-1574675-2525043,112-1574675-2525043,2023-04-07T14:25:58+00:00,2023-04-13T18:11:52+00:00,Shipped,Amazon,Amazon.com,,,SecondDay,"Stanley Quencher H2.0 FlowState Stainless Steel Vacuum Insulated Tumbler with Lid and Straw for Water, Iced Tea or Coffee, Smoothie and More",1055557203,B0BQZBPS4G,Shipped,1,USD,70,4.2,,,,,,,LOUISVILLE,KY,40207-8205,US,,FALSE,,,FALSE
114-3634547-2581861,114-3634547-2581861,2023-04-07T14:21:58+00:00,2023-04-13T23:28:41+00:00,Cancelled,Amazon,Amazon.com,,,Standard,"Stanley Quencher H2.0 FlowState Stainless Steel Vacuum Insulated Tumbler with Lid and Straw for Water, Iced Tea or Coffee, Smoothie and More",1055557203,B0BQZBPS4G,Cancelled,0,,,,,,,,,,Midale,Sk,S0C 1S0,CA,,FALSE,,,FALSE
112-8230668-7997850,112-8230668-7997850,2023-04-07T12:19:10+00:00,2023-04-11T22:28:18+00:00,Shipped,Amazon,Amazon.com,,,Expedited,"Stanley Quencher H2.0 FlowState Stainless Steel Vacuum Insulated Tumbler with Lid and Straw for Water, Iced Tea or Coffee, Smoothie and More",K5-OFOA-21PF,B0BQZBPY2L,Shipped,1,USD,65,13.65,11.04,2.32,,,,,houten,,3992NT,NL,,FALSE,,,FALSE
112-3294019-2880220,112-3294019-2880220,2023-04-07T07:37:17+00:00,2023-04-14T15:57:58+00:00,Shipped,Amazon,Amazon.com,,,SecondDay,"Stanley Quencher H2.0 FlowState Stainless Steel Vacuum Insulated Tumbler with Lid and Straw for Water, Iced Tea or Coffee, Smoothie and More",K5-OFOA-21PF,B0BQZBPY2L,Shipped,1,USD,65,6.13,,,,,,,SNOWFLAKE,AZ,85937-5593,US,,FALSE,,,FALSE
111-8620981-7683453,111-8620981-7683453,2023-04-07T01:28:11+00:00,2023-04-12T21:08:49+00:00,Shipped,Amazon,Amazon.com,,,SecondDay,"Stanley Quencher H2.0 FlowState Stainless Steel Vacuum Insulated Tumbler with Lid and Straw for Water, Iced Tea or Coffee, Smoothie and More",K5-OFOA-21PF,B0BQZBPY2L,Shipped,1,USD,65,2.75,,,,,,,ROGERSVILLE,MO,65742-8954,US,,FALSE,,,FALSE
112-2530562-8075424,112-2530562-8075424,2023-04-07T01:03:48+00:00,2023-04-10T16:01:36+00:00,Shipped,Amazon,Amazon.com,,,Standard,"Vital Proteins Collagen Peptides Powder, Promotes Hair, Nail, Skin, Bone and Joint Health, Lemon 11 Ounce",1055675480,B0B3Q1HNQ5,Shipped,3,USD,95.91,6.96,,,,,,,CEDARVILLE,CA,96104-0377,US,,FALSE,,,FALSE
111-5886701-0973022,111-5886701-0973022,2023-04-07T00:28:27+00:00,2023-04-11T19:26:59+00:00,Shipped,Amazon,Amazon.com,,,SecondDay,"Stanley Quencher H2.0 FlowState Stainless Steel Vacuum Insulated Tumbler with Lid and Straw for Water, Iced Tea or Coffee, Smoothie and More",K5-OFOA-21PF,B0BQZBPY2L,Shipped,1,USD,65,3.25,,,,,,,MENOMONEE FALLS,WISCONSIN,53051-0506,US,,FALSE,,,FALSE
114-3844627-0736263,114-3844627-0736263,2023-04-07T00:24:14+00:00,2023-04-07T05:36:50+00:00,Shipped,Amazon,Amazon.com,,,Expedited,"Stanley Quencher H2.0 FlowState Stainless Steel Vacuum Insulated Tumbler with Lid and Straw for Water, Iced Tea or Coffee, Smoothie and More",1056060160,B0BQZ9K23L,Shipped,1,USD,63,3.78,,,,,,,GRAND BLANC,MI,48439-9536,US,,FALSE,,,FALSE
113-2175148-9095408,113-2175148-9095408,2023-04-06T23:25:10+00:00,2023-04-13T07:32:25+00:00,Shipped,Amazon,Amazon.com,,http://www.amazon.com,SecondDay,"Stanley Quencher H2.0 FlowState Stainless Steel Vacuum Insulated Tumbler with Lid and Straw for Water, Iced Tea or Coffee, Smoothie and More",K5-OFOA-21PF,B0BQZBPY2L,Shipped,1,USD,65,,,,,,,,North Haven,CT,06473-1307,US,,FALSE,,,FALSE
111-1545782-6541004,111-1545782-6541004,2023-04-06T17:35:32+00:00,2023-04-14T20:23:51+00:00,Shipped,Amazon,Amazon.com,,,Standard,"Stanley Quencher H2.0 FlowState Stainless Steel Vacuum Insulated Tumbler with Lid and Straw for Water, Iced Tea or Coffee, Smoothie and More",K5-OFOA-21PF,B0BQZBPY2L,Shipped,2,USD,130,11.38,8.24,,,,,8.24,READYVILLE,TN,37149-5569,US,US Core Free Shipping Promotion A3JU1FCINF5SD0,FALSE,,,FALSE
113-2710607-0819450,113-2710607-0819450,2023-04-06T16:28:38+00:00,2023-04-07T12:23:47+00:00,Shipped,Amazon,Amazon.com,,,Expedited,"Vital Proteins Collagen Peptides Powder, Promotes Hair, Nail, Skin, Bone and Joint Health, Lemon 11 Ounce",1055675480,B0B3Q1HNQ5,Shipped,1,USD,31.97,,,,,,,,PORT SAINT LUCIE,FL,34986-1770,US,,FALSE,,,FALSE
113-4071641-9335445,113-4071641-9335445,2023-04-05T21:55:23+00:00,2023-04-13T09:26:21+00:00,Shipped,Amazon,Amazon.com,,http://www.amazon.com,Standard,"Stanley Quencher H2.0 FlowState Stainless Steel Vacuum Insulated Tumbler with Lid and Straw for Water, Iced Tea or Coffee, Smoothie and More",K5-OFOA-21PF,B0BQZBPY2L,Shipped,1,USD,65,,,,,,,,Staten Island,NY,10314,US,,FALSE,,,FALSE
114-4213009-2000216,114-4213009-2000216,2023-04-02T09:22:19+00:00,2023-04-22T00:31:22+00:00,Shipped,Amazon,Amazon.com,,,Standard,"Vital Proteins Beauty Collagen Peptides Powder Supplement for Women, 120mg of Hyaluronic Acid - 15g of Collagen Per Serving - Enhance Skin Elasticity",1055865813,B07B6B14NS,Shipped,1,USD,25,,1.24,,,,,1.24,PORTLAND,OR,97251-9614,US,US Core Free Shipping Promotion A3JU1FCINF5SD0,FALSE,,,FALSE